"field","missing","total","missing_percent"
"eviction-filings",49,867,0.05651672433679354
"evictions",99,867,0.11418685121107267
"eviction-rate",99,867,0.11418685121107267
"eviction-filing-rate",49,867,0.05651672433679354
